ID,SLIKA,IME,GRAD,ADRESA,MJESTO,GEOGR. ŠIRINA,GEOGR. DUŽINA,LOKACIJA,TIP,USLUGE,ŽUPANIJA
91,(BLOB),POŠTANSKI URED  TURKULINOVA 48 PETRINJA,PETRINJA,TURKULINOVA 48,,45.441856,16.283636,POŠTANSKI URED,BANKOMAT,,SISAČKO-MOSLAVAČKA ŽUPANIJA
92,(BLOB),POŠTANSKI URED    SJENJAK137  OSIJEK,OSIJEK,SJENJAK 137,,45.551033,18.695019,POŠTANSKI URED,BANKOMAT,,OSJEČKO-BARANJSKA ŽUPANIJA
93,(BLOB),FINA    VLADIMIRA NAZORA 1  SLATINA,SLATINA,VLADIMIRA NAZORA 1,,45.702881,17.701414,FINA,BANKOMAT,,VIROVITIČKO-PODRAVSKA ŽUPANIJA
94,(BLOB),POŠTANSKI URED    KRALJA TOMISLAVA B.B.  NOVA GRADIŠKA,NOVA GRADIŠKA,KRALJA TOMISLAVA B.B.,,45.258945,17.381336,POŠTANSKI URED,BANKOMAT,,BRODSKO-POSAVSKA ŽUPANIJA
95,(BLOB),LONIA   TRG GROFOVA  ERDODYA BB  POPOVAČA,POPOVAČA,TRG GROFOVA  ERDODYA BB,,45.571243,16.628107,LONIA,BANKOMAT,,SISAČKO-MOSLAVAČKA ŽUPANIJA
96,(BLOB),"POSLOVNICA - INDOOR    JURIŠIĆEVA 4  ZAGREB, CENTAR (UŽI)",ZAGREB,JURIŠIĆEVA 4,CENTAR (UŽI,45.812328,15.979142,POSLOVNICA - INDOOR,BANKOMAT,,GRAD ZAGREB
97,(BLOB),"TISAK    SLAVONSKA AVENIJA 2  ZAGREB, CENTAR (ŠIRI)",ZAGREB,SLAVONSKA AVENIJA 2,CENTAR (ŠIRI),45.793755,15.959648,TISAK,BANKOMAT,,GRAD ZAGREB
98,(BLOB),"POŠTANSKI URED   DUBRAVA 53  ZAGREB, DUBRAVA",ZAGREB,DUBRAVA 53,,45.830196,16.054672,POŠTANSKI URED,BANKOMAT,,GRAD ZAGREB
99,(BLOB),FINA  FRANA KURELCA 8 RIJEKA,RIJEKA,FRANA KURELCA 8,,45.328613,14.440665,FINA,BANKOMAT,,PRIMORSKO-GORANSKA ŽUPANIJA
100,(BLOB),POŠTANSKI URED  DOMAGOJEVA OBALA 1 NOVALJA,NOVALJA,DOMAGOJEVA OBALA 1,,44.55658,14.882848,POŠTANSKI URED,BANKOMAT,,LIČKO-SENJSKA ŽUPANIJA
101,(BLOB),BOROVO STANDARD  BLAGE ZADRE 2 BOROVO,BOROVO,BLAGE ZADRE 2,,45.375854,18.963314,BOROVO STANDARD,BANKOMAT,,VUKOVARSKO-SRIJEMSKA ŽUPANIJA
102,(BLOB),PLAVI 9    TRG NIKOLE ILOČKOG 1  ILOK,ILOK,TRG NIKOLE ILOČKOG 1,,45.223518,19.369267,PLAVI 9,BANKOMAT,,VUKOVARSKO-SRIJEMSKA ŽUPANIJA
103,(BLOB),"POŠTANSKI URED    MEKSIČKA BB  ZAGREB, GAJNICE",ZAGREB,MEKSIČKA BB,,45.814846,15.873935,POŠTANSKI URED,BANKOMAT,,GRAD ZAGREB
104,(BLOB),POŠTANSKI URED  J. ZORIĆA 26 DUGO SELO,DUGO SELO,J. ZORIĆA 26,,45.805363,16.235407,POŠTANSKI URED,BANKOMAT,,ZAGREBAČKA ŽUPANIJA
105,(BLOB),POŠTANSKI URED  KRALJA TOMISLAVA 2  JASTREBARSKO,JASTREBARSKO,KRALJA TOMISLAVA 2,,45.674179,15.653694,POŠTANSKI URED,BANKOMAT,,ZAGREBAČKA ŽUPANIJA
106,(BLOB),"POŠTANSKI URED BRANIMIROVA 4, ZAPADNI ULAZ ZAGREB CENTAR (UŽI)",ZAGREB,BRANIMIROVA 4 ZAPADNI ULAZ,CENTAR (UŽI),45.80476,15.981224,POŠTANSKI URED,BANKOMAT,,GRAD ZAGREB
107,,POŠTANSKI URED  NIKOLE PAVIĆA 14 ČAKOVEC,ČAKOVEC,NIKOLE PAVIĆA 14,,46.379452,16.443508,POŠTANSKI URED,BANKOMAT,,MEĐIMURSKA ŽUPANIJA
373,(BLOB),POŠTANSKI URED   BRANIMIROVA 4/I   ZAGREB - CENTAR,ZAGREB,BRANIMIROVA 4/I,,45.804909,15.980891,POŠTANSKI URED,BANKOMAT,,GRAD ZAGREB
109,(BLOB),POSLOVNICA  STROSSMAJERA 4 VUKOVAR,VUKOVAR,STROSSMAJERA 4,,45.352055,19.002743,POSLOVNICA,BANKOMAT,,VUKOVARSKO-SRIJEMSKA ŽUPANIJA
110,(BLOB),"POŠTANSKI URED    I. ŠIBLA 22  ZAGREB, SREDIŠĆE",ZAGREB,I. ŠIBLA 22,,45.77874,15.98721,POŠTANSKI URED,BANKOMAT,,GRAD ZAGREB
111,(BLOB),LJEKARNA PABLO  LIVADIĆEVA 10 SAMOBOR,SAMOBOR,LIVADIĆEVA 10,,45.80146,15.707574,LJEKARNA PABLO,BANKOMAT,,ZAGREBAČKA ŽUPANIJA
112,(BLOB),"POŠTANSKI URED    ILICA 508  ZAGREB, VRAPČE",ZAGREB,ILICA 508,,45.813015,15.902152,POŠTANSKI URED,BANKOMAT,,GRAD ZAGREB
113,(BLOB),POSLOVNICA  FRANJE TUĐMANA BB SVETA NEDJELJA,SVETA NEDJELJA,FRANJE TUĐMANA BB,,45.803288,15.793018,POSLOVNICA,BANKOMAT,,ZAGREBAČKA ŽUPANIJA
114,(BLOB),POŠTANSKI URED  DUGOSELSKA 35 SESVETSKI KRALJEVEC,SESVETSKI KRALJEVEC,DUGOSELSKA 35,,45.816628,16.17458,POŠTANSKI URED,BANKOMAT,,ZAGREBAČKA ŽUPANIJA
115,(BLOB),"POŠTANSKI URED    HRGOVIĆI  38  ZAGREB, JARUN",ZAGREB,HRGOVIĆI  38,,45.786118,15.927751,POŠTANSKI URED,BANKOMAT,,GRAD ZAGREB
117,(BLOB),POŠTANSKI URED    ŠIROKA 8  DUBROVNIK,DUBROVNIK,ŠIROKA 8,,42.641228,18.108334,POŠTANSKI URED,BANKOMAT,,DUBROVAČKO-NERETVANSKA ŽUPANIJA
118,(BLOB),ISTRACOMMERCE  ULICA 25. RUJNA 38 PAZIN,PAZIN,ULICA 25. RUJNA 38,,45.239223,13.936393,ISTRACOMMERCE,BANKOMAT,,ISTARSKA ŽUPANIJA
119,(BLOB),POŠTANSKI URED    DR F. RAČKOG 2B  ŽUPANJA,ŽUPANJA,DR F. RAČKOG 2B,,45.072006,18.695211,POŠTANSKI URED,BANKOMAT,,VUKOVARSKO-SRIJEMSKA ŽUPANIJA
120,(BLOB),POŠTANSKI URED  M. A. RELJKOVIĆA 7 VINKOVCI,VINKOVCI,M. A. RELJKOVIĆA 7,,45.290226,18.804989,POŠTANSKI URED,BANKOMAT,,VUKOVARSKO-SRIJEMSKA ŽUPANIJA
121,(BLOB),POŠTANSKI URED  TRG BANA JELAČIĆA BB OSIJEK,OSIJEK,TRG BANA JELAČIĆA BB,,45.556515,18.716133,POŠTANSKI URED,BANKOMAT,,OSJEČKO-BARANJSKA ŽUPANIJA
122,(BLOB),POŠTANSKI URED  TRG EUGENA KUMIČIĆA 11 KOPRIVNICA,KOPRIVNICA,TRG EUGENA KUMIČIĆA 11,,46.160789,16.842239,POŠTANSKI URED,BANKOMAT,,KOPRIVNIČKO-KRIŽEVAČKA ŽUPANIJA
123,(BLOB),POSLOVNICA  IVANA DANILA BB KAŠTEL STARI,KAŠTEL STARI,IVANA DANILA BB,,43.550617,16.343,POSLOVNICA,BANKOMAT,,SPLITSKO-DALMATINSKA ŽUPANIJA
124,(BLOB),"AUTOBUSNI KOLODVOR - 1 KAT    MARINA DRŽIĆA 4  ZAGREB, CENTAR (ŠIRI)",ZAGREB,MARINA DRŽIĆA 4,CENTAR (ŠIRI),45.803787,15.993251,AUTOBUSNI KOLODVOR - 1 KAT,BANKOMAT,,GRAD ZAGREB
125,(BLOB),"AUTOBUSNI KOLODVOR - DOLAZNI PERONI    MARINA DRŽIĆA 4  ZAGREB, CENTAR (ŠIRI)",ZAGREB,MARINA DRŽIĆA 4,CENTAR (ŠIRI),45.803856,15.993143,AUTOBUSNI KOLODVOR - DOLAZNI PERONI,BANKOMAT,,GRAD ZAGREB
126,(BLOB),POŠTANSKI URED  IMRE NAGYA 2E BELI MANASTIR,BELI MANASTIR,IMRE NAGYA 2E,,45.76902,18.59803,POŠTANSKI URED,BANKOMAT,,OSJEČKO-BARANJSKA ŽUPANIJA
127,(BLOB),POŠTANSKI URED  MAKSIMILIJANA VRHOVCA 9 KARLOVAC,KARLOVAC,MAKSIMILIJANA VRHOVCA 9,,45.48159,15.549088,POŠTANSKI URED,BANKOMAT,,KARLOVAČKA ŽUPANIJA
128,(BLOB),POŠTANSKI URED  GRADIŠĆANSKIH HRVATA 22 SPLIT,SPLIT,GRADIŠĆANSKIH HRVATA 22,,43.520962,16.467733,POŠTANSKI URED,BANKOMAT,,SPLITSKO-DALMATINSKA ŽUPANIJA
129,(BLOB),POŠTANSKI URED  KRALJA ZVONIMIRA 77 SOLIN,SOLIN,KRALJA ZVONIMIRA 77,,43.536308,16.489534,POŠTANSKI URED,BANKOMAT,,SPLITSKO-DALMATINSKA ŽUPANIJA
130,(BLOB),POŠTANSKI URED  LIVANJSKA 19 SINJ,SINJ,LIVANJSKA 19,,43.702072,16.639996,POŠTANSKI URED,BANKOMAT,,SPLITSKO-DALMATINSKA ŽUPANIJA
131,(BLOB),POŠTANSKI URED  J.J STROSSMAJERA 8 ZADAR,ZADAR,J.J STROSSMAJERA 8,,44.116737,15.232909,POŠTANSKI URED,BANKOMAT,,ZADARSKA ŽUPANIJA
132,(BLOB),POŠTANSKI URED  TRG SVETOG JURJA 5 DUGA RESA,DUGA RESA,TRG SVETOG JURJA 5,,45.449322,15.499392,POŠTANSKI URED,BANKOMAT,,KARLOVAČKA ŽUPANIJA
133,(BLOB),TRŽNICA    TRG JOSIPA BROZA TITA 2  KARLOVAC,KARLOVAC,TRG JOSIPA BROZA TITA 2,,45.489334,15.547285,TRŽNICA,BANKOMAT,,KARLOVAČKA ŽUPANIJA
134,(BLOB),"GENERALTURIST    
PRAŠKA 5  ZAGREB, CENTAR (UŽI)",ZAGREB,PRAŠKA 5,CENTAR (UŽI),45.812359,15.977597,GENERALTURIST,BANKOMAT,,GRAD ZAGREB
135,(BLOB),"POŠTANSKI URED  B. MAGOVCA 31  ZAGREB, TRAVNO",ZAGREB,B. MAGOVCA 31,,45.771362,15.994517,POŠTANSKI URED,BANKOMAT,,GRAD ZAGREB
136,(BLOB),"URED CARINARNICE LASTOVO  
OBALA LASTOVSKIH RIBARA BB UBLI",UBLI,OBALA LASTOVSKIH RIBARA BB,,42.746098,16.824919,URED CARINARNICE LASTOVO,BANKOMAT,,DUBROVAČKO-NERETVANSKA ŽUPANIJA
137,(BLOB),POŠTANSKI URED  CESARČEVA 2A SPLIT,SPLIT,CESARČEVA 2A,,43.503304,16.426544,POŠTANSKI URED,BANKOMAT,,SPLITSKO-DALMATINSKA ŽUPANIJA
138,(BLOB),"POŠTANSKI URED  
TRG KRALJA TOMISLAVA 18  PLOČE",PLOČE,TRG KRALJA TOMISLAVA 18,,43.049164,17.43395,POŠTANSKI URED,BANKOMAT,,DUBROVAČKO-NERETVANSKA ŽUPANIJA
139,(BLOB),POSLOVNICA  DUBROVAČKA 31 SPLIT,SPLIT,DUBROVAČKA 31,,43.510956,16.454247,POSLOVNICA,BANKOMAT,,SPLITSKO-DALMATINSKA ŽUPANIJA
140,(BLOB),"HRVATSKA LUTRIJA    ILICA 73  ZAGREB, CENTAR (UŽI)",ZAGREB,ILICA 73,CENTAR (UŽI),45.812439,15.964733,HRVATSKA LUTRIJA,BANKOMAT,,GRAD ZAGREB
141,(BLOB),HRVATSKA LUTRIJA  TRG ĐURE SZABE 7 NOVSKA,NOVSKA,TRG ĐURE SZABE 7,,45.340218,16.977825,HRVATSKA LUTRIJA,BANKOMAT,,SISAČKO-MOSLAVAČKA ŽUPANIJA
142,(BLOB),HRVATSKA LUTRIJA  POLJIČKA 4 SPLIT,SPLIT,POLJIČKA 4,,43.50486,16.455309,HRVATSKA LUTRIJA,BANKOMAT,,SPLITSKO-DALMATINSKA ŽUPANIJA
143,(BLOB),HRVATSKA LUTRIJA  ŠIMIĆEVA 31 SPLIT,SPLIT,ŠIMIĆEVA 31,,43.507614,16.463602,HRVATSKA LUTRIJA,BANKOMAT,,SPLITSKO-DALMATINSKA ŽUPANIJA
144,(BLOB),"IMPORTANE GALLERIA VLAŠKA 10- TRG DRAGE IBLERA  ZAGREB, CENTAR (UŽI)",ZAGREB,VLAŠKA 10- TRG DRAGE IBLERA,CENTAR (UŽI),45.813652,15.985065,IMPORTANE GALLERIA,BANKOMAT,,GRAD ZAGREB
145,(BLOB),POŠTANSKI URED  MOSLOVAČKA 14 IVANIĆ GRAD,IVANIĆ GRAD,MOSLOVAČKA 14,,45.706406,16.393339,POŠTANSKI URED,BANKOMAT,,ZAGREBAČKA ŽUPANIJA
146,(BLOB),"POSLOVNICA    AVENIJA DUBRAVA 47  ZAGREB, DUBRAVA",ZAGREB,AVENIJA DUBRAVA 47,,45.828613,16.051165,POSLOVNICA,BANKOMAT,,GRAD ZAGREB
147,(BLOB),POŠTANSKI URED  MAROFSKA 2 KUČAN MAROF,KUČAN MAROF,MAROFSKA 2,,46.294289,16.37126,POŠTANSKI URED,BANKOMAT,,VARAŽDINSKA ŽUPANIJA
371,(BLOB),POŠTANSKI URED VOZIŠĆE 3 VIŠKOVO - RIJEKA,RIJEKA,VOZIŠĆE 3,,45.380997,14.386062,POŠTANSKI URED,BANKOMAT,,PRIMORSKO-GORANSKA ŽUPANIJA
149,(BLOB),POŠTANSKI URED  ZELENICE 1 LABIN,LABIN,ZELENICE 1,,45.094551,14.121144,POŠTANSKI URED,BANKOMAT,,ISTARSKA ŽUPANIJA
150,(BLOB),POSLOVNICA  TRG KRALJA TOMISLAVA 37 VELIKA GORICA,VELIKA GORICA,TRG KRALJA TOMISLAVA 37,,45.713535,16.075573,POSLOVNICA,BANKOMAT,,ZAGREBAČKA ŽUPANIJA
151,(BLOB),ZRAČNA LUKA DUBROVNIK  ZRAČNA LUKA DUBROVNIK ČILIPI,ČILIPI,ZRAČNA LUKA,,42.561001,18.260286,ZRAČNA LUKA DUBROVNIK,BANKOMAT,,DUBROVAČKO-NERETVANSKA ŽUPANIJA
152,(BLOB),"STUDENTSKI CENTAR SAVSKA CESTA 25  ZAGREB, CENTAR (ŠIRI)",ZAGREB,SAVSKA CESTA 25,CENTAR (ŠIRI),45.80442,15.965946,STUDENTSKI CENTAR,BANKOMAT,,GRAD ZAGREB
153,(BLOB),AUTOBUSNI KOLODVOR  TRG ŽABICA 1 RIJEKA,RIJEKA,TRG ŽABICA 1,,45.327709,14.437162,AUTOBUSNI KOLODVOR,BANKOMAT,,PRIMORSKO-GORANSKA ŽUPANIJA
154,(BLOB),POSLOVNICA  TRG STJEPANA RADIĆA BB GOSPIĆ,GOSPIĆ,TRG STJEPANA RADIĆA BB,,44.547558,15.371418,POSLOVNICA,BANKOMAT,,LIČKO-SENJSKA ŽUPANIJA
155,(BLOB),TRGOVINA VENUS  TRG J.J. STROSSMAYERA 27 KRIŽEVCI,KRIŽEVCI,TRG J.J. STROSSMAYERA 27,,46.023891,16.545732,TRGOVINA VENUS,BANKOMAT,,KOPRIVNIČKO-KRIŽEVAČKA ŽUPANIJA
156,(BLOB),TRGOVAČKI CENTAR ANDREA  FRANJE ČANDEKA BB RIJEKA,RIJEKA,FRANJE ČANDEKA BB,,45.339325,14.414449,TRGOVAČKI CENTAR ANDREA,BANKOMAT,,PRIMORSKO-GORANSKA ŽUPANIJA
157,(BLOB),POSLOVNICA  MATIJE GUPCA 3 SLAVONSKI BROD,SLAVONSKI BROD,MATIJE GUPCA 3,,45.155743,18.014402,POSLOVNICA,BANKOMAT,,BRODSKO-POSAVSKA ŽUPANIJA
158,(BLOB),"DVD ŠESTINE    ŠESTINSKI VIJENAC 2  ZAGREB, ŠESTINE",ZAGREB,ŠESTINSKI VIJENAC 2,,45.852215,15.949906,DVD ŠESTINE,BANKOMAT,,GRAD ZAGREB
159,(BLOB),"FOTO STUDIO SAVICA    LASTOVSKA 2A  ZAGREB, SAVICA",ZAGREB,LASTOVSKA 2A,,45.794312,15.996737,FOTO STUDIO SAVICA,BANKOMAT,,GRAD ZAGREB
160,(BLOB),POSLOVNICA  ANTICOVA 9 PULA,PULA,ANTICOVA 9,,44.867664,13.845831,POSLOVNICA,BANKOMAT,,ISTARSKA ŽUPANIJA
161,(BLOB),"POSLOVNICA - INDOOR    BRITANSKI TRG 12  ZAGREB, CENTAR (UŽI)",ZAGREB,BRITANSKI TRG 12,CENTAR (UŽI),45.812946,15.965238,POSLOVNICA - INDOOR,BANKOMAT,,GRAD ZAGREB
162,(BLOB),"POSLOVNICA BRITANSKI TRG 12  ZAGREB, CENTAR (UŽI)",ZAGREB,BRITANSKI TRG 12,CENTAR (UŽI),45.813015,15.965248,POSLOVNICA,BANKOMAT,,GRAD ZAGREB
163,(BLOB),POŠTANSKI URED  ŠETALIŠTE KRALJA ZVONIMIRA 21 DUBROVNIK,DUBROVNIK,ŠETALIŠTE KRALJA ZVONIMIRA 21,,42.656689,18.076715,POŠTANSKI URED,BANKOMAT,,DUBROVAČKO-NERETVANSKA ŽUPANIJA
164,(BLOB),POSLOVNICA    KORZO 13  RIJEKA,RIJEKA,KORZO 13,,45.326534,14.442376,POSLOVNICA,BANKOMAT,,PRIMORSKO-GORANSKA ŽUPANIJA
165,(BLOB),ARCUS DELTA  KAMIK 24 PULA - BANJOLE,PULA,KAMIK 24,,44.826393,13.879015,ARCUS DELTA,BANKOMAT,,ISTARSKA ŽUPANIJA
166,(BLOB),POSLOVNICA  TRG F. TUĐMANA 2 VINKOVCI,VINKOVCI,TRG F. TUĐMANA 2,,45.287491,18.802382,POSLOVNICA,BANKOMAT,,VUKOVARSKO-SRIJEMSKA ŽUPANIJA
167,(BLOB),POSLOVNICA  TRG ANTE STARČEVIĆA 7 OSIJEK,OSIJEK,TRG ANTE STARČEVIĆA 7,,45.56163,18.676586,POSLOVNICA,BANKOMAT,,OSJEČKO-BARANJSKA ŽUPANIJA
168,(BLOB),"MERCATOR    ZAGREBAČKA AVENIJA 94  ZAGREB, RUDEŠ",ZAGREB,ZAGREBAČKA AVENIJA 94,,45.79636,15.90977,MERCATOR,BANKOMAT,,GRAD ZAGREB
169,(BLOB),HRVATSKA LUTRIJA  IZIDORA KRŠNJAVOGA 1 KARLOVAC,KARLOVAC,IZIDORA KRŠNJAVOGA 1,,45.484734,15.556211,HRVATSKA LUTRIJA,BANKOMAT,,KARLOVAČKA ŽUPANIJA
170,(BLOB),HRVATSKA LUTRIJA  TRG MLADOSTI 1 ZAPREŠIĆ,ZAPREŠIĆ,TRG MLADOSTI 1,,45.862446,15.798361,HRVATSKA LUTRIJA,BANKOMAT,,ZAGREBAČKA ŽUPANIJA
171,(BLOB),POSLOVNICA  TRG K. ZVONIMIRA 3 VIROVITICA,VIROVITICA,TRG K. ZVONIMIRA 3,,45.834938,17.383139,POSLOVNICA,BANKOMAT,,VIROVITIČKO-PODRAVSKA ŽUPANIJA
172,(BLOB),UDRUGA HVIDRA-E  OBALA S. RADIĆA 29 DUBROVNIK,DUBROVNIK,OBALA S. RADIĆA 29,,42.657932,18.087358,UDRUGA HVIDRA-E,BANKOMAT,,DUBROVAČKO-NERETVANSKA ŽUPANIJA
173,(BLOB),POŠTANSKI URED  KOLODVORSKA 2C TURČIN,TURČIN,KOLODVORSKA 2C,,46.254539,16.359758,POŠTANSKI URED,BANKOMAT,,VARAŽDINSKA ŽUPANIJA
174,(BLOB),TRGOVINA VARTEKS  KUKULJEVIĆEVA 12 VARAŽDIN,VARAŽDIN,KUKULJEVIĆEVA 12,,46.309128,16.339825,TRGOVINA VARTEKS,BANKOMAT,,VARAŽDINSKA ŽUPANIJA
175,(BLOB),MERCATOR  OSJEČKA 71 RIJEKA,RIJEKA,OSJEČKA 71,,45.351406,14.417431,MERCATOR,BANKOMAT,,PRIMORSKO-GORANSKA ŽUPANIJA
177,(BLOB),CVJEĆARNA NONA MIMI  SLAVKA KRAUTZEKA 1 RIJEKA,RIJEKA,SLAVKA KRAUTZEKA 1,,45.331436,14.456935,CVJEĆARNA NONA MIMI,BANKOMAT,,PRIMORSKO-GORANSKA ŽUPANIJA
179,,"KONZUM    HUZJANOVA 2  ZAGREB, GAJNICE0",ZAGREB,HUZJANOVA 2,,45.815701,15.86885,KONZUM,BANKOMAT,,GRAD ZAGREB
180,(BLOB),POSLOVNICA  VRLIČKA 50 SINJ,SINJ,VRLIČKA 50,,43.704769,16.638664,POSLOVNICA,BANKOMAT,,SPLITSKO-DALMATINSKA ŽUPANIJA
181,(BLOB),"MERCATOR    VUKOVARSKA 269B  ZAGREB, CENTAR (ŠIRI)",ZAGREB,VUKOVARSKA 269B,CENTAR (ŠIRI),45.802238,16.007296,MERCATOR,BANKOMAT,,GRAD ZAGREB
315,(BLOB),TURISTIČKA ZAJEDNICA BRNA    BRNA bb  BRNA,BRNA,BRNA bb,,42.90625,16.861172,TURISTIČKA ZAJEDNICA BRNA,BANKOMAT,,DUBROVAČKO-NERETVANSKA ŽUPANIJA
183,(BLOB),HOTEL SVETI MIHOVIL  BANA JELAČIĆA 8 TRILJ,TRILJ,BANA JELAČIĆA 8,,43.617352,16.728218,HOTEL SVETI MIHOVIL,BANKOMAT,,SPLITSKO-DALMATINSKA ŽUPANIJA
184,(BLOB),MARKET MAXI TONI  PUT KOTLARA BB ZADAR,ZADAR,PUT KOTLARA BB,,44.105755,15.250461,MARKET MAXI TONI,BANKOMAT,,ZADARSKA ŽUPANIJA
185,(BLOB),"POREZNA UPRAVA    AVENIJA DUBROVNIK 32  ZAGREB, SOPOT",ZAGREB,AVENIJA DUBROVNIK 32,,45.77734,15.988573,POREZNA UPRAVA,BANKOMAT,,GRAD ZAGREB
186,(BLOB),POSLOVNICA  GRUDA 43 GRUDA,GRUDA,GRUDA 43,,42.516792,18.377167,POSLOVNICA,BANKOMAT,,DUBROVAČKO-NERETVANSKA ŽUPANIJA
187,(BLOB),PRIVAT PROSTOR - SUVENIRNICA  TRUMBIĆEV PUT BB CAVTAT,CAVTAT,TRUMBIĆEV PUT BB,,42.580894,18.217718,PRIVAT PROSTOR - SUVENIRNICA,BANKOMAT,,DUBROVAČKO-NERETVANSKA ŽUPANIJA
188,(BLOB),POSLOVNICA  ANDRIJE MEDULIĆA 6 RIJEKA,RIJEKA,ANDRIJE MEDULIĆA 6,,45.327175,14.444135,POSLOVNICA,BANKOMAT,,PRIMORSKO-GORANSKA ŽUPANIJA
189,(BLOB),POŠTANSKI URED  OBALA POMORACA 30 OREBIĆ,OREBIĆ,OBALA POMORACA 30,,42.974293,17.177938,POŠTANSKI URED,BANKOMAT,,DUBROVAČKO-NERETVANSKA ŽUPANIJA
192,(BLOB),POŠTANSKI URED  ŠIBENSKA 7 ZADAR,ZADAR,ŠIBENSKA 7,,44.118877,15.253353,POŠTANSKI URED,BANKOMAT,,ZADARSKA ŽUPANIJA
193,(BLOB),FINA  TRG MARŠALA TITA 1 MATULJI,MATULJI,TRG MARŠALA TITA 1,,45.36393,14.325458,FINA,BANKOMAT,,PRIMORSKO-GORANSKA ŽUPANIJA
194,(BLOB),POŠTANSKI URED  BARTOLA KAŠIĆA 2 MOKOŠICA,MOKOŠICA,BARTOLA KAŠIĆA 2,,42.675621,18.109192,POŠTANSKI URED,BANKOMAT,,DUBROVAČKO-NERETVANSKA ŽUPANIJA
195,(BLOB),POSLOVNICA  ZADARSKA 2 ŠIBENIK,ŠIBENIK,ZADARSKA 2,,43.736462,15.891616,POSLOVNICA,BANKOMAT,,ŠIBENSKO-KNINSKA ŽUPANIJA
196,(BLOB),"POŠTANSKI URED    BRAĆE DOMANY 8  ZAGREB, SREDNJACI",ZAGREB,BRAĆE DOMANY 8,,45.789387,15.938394,POŠTANSKI URED,BANKOMAT,,GRAD ZAGREB
197,(BLOB),POŠTANSKI URED  VLAHE PALJETKA 1 BJELOVAR,BJELOVAR,VLAHE PALJETKA 1,,45.904373,16.85129,POŠTANSKI URED,BANKOMAT,,BJELOVARSKO-BILOGORSKA ŽUPANIJA
198,(BLOB),PRIVATNI PROSTOR  ŠETALIŠTE K. BRANIMIRA 29 BENKOVAC,BENKOVAC,ŠETALIŠTE K. BRANIMIRA 29,,44.033508,15.611808,PRIVATNI PROSTOR,BANKOMAT,,ZADARSKA ŽUPANIJA
199,(BLOB),POŠTANSKI URED  TRG HRVATSKIH VELIKANA 30 BIOGRAD NA MORU,BIOGRAD NA MORU,TRG HRVATSKIH VELIKANA 30,,43.93713,15.443559,POŠTANSKI URED,BANKOMAT,,ZADARSKA ŽUPANIJA
200,(BLOB),OPĆINA ŽUPA DUBROVAČKA    VUKOVARSKA 48  DUBROVNIK ,DUBROVNIK,VUKOVARSKA 48,,42.62286,18.193865,OPĆINA ŽUPA DUBROVAČKA,BANKOMAT,,DUBROVAČKO-NERETVANSKA ŽUPANIJA
201,(BLOB),"CITY CENTER ONE    JANKOMIR 33  ZAGREB, JANKOMIR ",ZAGREB,JANKOMIR 33,,45.798618,15.884128,CITY CENTER ONE,BANKOMAT,,GRAD ZAGREB
202,(BLOB),TEHNOMOBIL  IVANA GUNDULIĆA 3 METKOVIĆ,METKOVIĆ,IVANA GUNDULIĆA 3,,43.053722,17.649483,TEHNOMOBIL,BANKOMAT,,DUBROVAČKO-NERETVANSKA ŽUPANIJA
203,(BLOB),HOTEL LUNA D.O.O.  JAKIŠNICA B.B. LUN,LUN,JAKIŠNICA B.B.,,44.645023,14.775109,HOTEL LUNA D.O.O.,BANKOMAT,,LIČKO-SENJSKA ŽUPANIJA
204,(BLOB),"BRODOKOMERCE  KVATERNIKOVA 65, VEŽICE RIJEKA",VEŽICE RIJEKA,KVATERNIKOVA 65,,45.321003,14.474825,BRODOKOMERCE,BANKOMAT,,PRIMORSKO-GORANSKA ŽUPANIJA
205,(BLOB),"POŠTANSKI URED    JURIŠIĆEVA 13  ZAGREB, CENTAR (UŽI)",ZAGREB,JURIŠIĆEVA 13,CENTAR (UŽI),45.81237,15.980912,POŠTANSKI URED,BANKOMAT,,GRAD ZAGREB
206,(BLOB),"POSLOVNICA    MAKSIMIRSKA 107  ZAGREB, MAKSIMIR",ZAGREB,MAKSIMIRSKA 107,,45.818325,16.010469,POSLOVNICA,BANKOMAT,,GRAD ZAGREB
207,(BLOB),HOTEL MALIN  KRALJA TOMISLAVA 23 MALINSKA,MALINSKA,KRALJA TOMISLAVA 23,,45.119144,14.521565,HOTEL MALIN,BANKOMAT,,PRIMORSKO-GORANSKA ŽUPANIJA
208,(BLOB),WEST GATE - PRIZEMLJE  ZAPREŠIĆKA 1 DONJA BISTRA,DONJA BISTRA,ZAPREŠIĆKA 1,,45.871487,15.825977,WEST GATE - PRIZEMLJE,BANKOMAT,,ZAGREBAČKA ŽUPANIJA
209,(BLOB),WEST GATE - 1. KAT  ZAPREŠIĆKA 1 DONJA BISTRA,DONJA BISTRA,ZAPREŠIĆKA 1,,45.871651,15.826106,WEST GATE - 1. KAT,BANKOMAT,,ZAGREBAČKA ŽUPANIJA
210,(BLOB),"TRGOVAČKI CENTAR GARDEN MALL    OPOROVEČKA 14  ZAGREB, DUBRAVA",ZAGREB,OPOROVEČKA 14,,45.836037,16.045748,TRGOVAČKI CENTAR GARDEN MALL,BANKOMAT,,GRAD ZAGREB
211,(BLOB),FINA  TRG VINODOLSKOG ZAKONIKA 1 NOVI VINODOLSKI,NOVI VINODOLSKI,TRG VINODOLSKOG ZAKONIKA 1,,45.128609,14.789186,FINA,BANKOMAT,,PRIMORSKO-GORANSKA ŽUPANIJA
212,(BLOB),"KOZMO    GRGURA NINSKOG BB  ZAGREB, CENTAR (UŽI)",ZAGREB,GRGURA NINSKOG BB,CENTAR (UŽI),45.803913,15.977436,KOZMO,BANKOMAT,,GRAD ZAGREB
213,(BLOB),KOZMO    MARŠALA TITA 86  OPATIJA,OPATIJA,MARŠALA TITA 86,,45.338009,14.308834,KOZMO,BANKOMAT,,PRIMORSKO-GORANSKA ŽUPANIJA
214,(BLOB),POSLOVNICA    J.J. STROSSMAYERA 2  NAŠICE,NAŠICE,J.J. STROSSMAYERA 2,,45.490601,18.094482,POSLOVNICA,BANKOMAT,,OSJEČKO-BARANJSKA ŽUPANIJA
215,(BLOB),KONZUM    TRG ANTE STARČEVIĆA 5  SV. IVAN ZELINA,SV. IVAN ZELINA,TRG ANTE STARČEVIĆA 5,,45.959827,16.242476,KONZUM,BANKOMAT,,ZAGREBAČKA ŽUPANIJA
216,(BLOB),POŠTANSKI URED    PALIT 67  RAB,RAB,PALIT 67,,44.760944,14.760733,POŠTANSKI URED,BANKOMAT,,PRIMORSKO-GORANSKA ŽUPANIJA
217,(BLOB),PRIVATNI PROSTOR    TRG PETRA ŠEGEDINA 7  KORČULA,KORČULA,TRG PETRA ŠEGEDINA 7,,42.960663,17.134401,PRIVATNI PROSTOR,BANKOMAT,,DUBROVAČKO-NERETVANSKA ŽUPANIJA
218,(BLOB),POSLOVNICA    TRG IVANA PAVLA II 1  TROGIR ,TROGIR,TRG IVANA PAVLA II,,43.516781,16.251505,POSLOVNICA,BANKOMAT,,SPLITSKO-DALMATINSKA ŽUPANIJA
219,(BLOB),OPĆA BOLNICA ZADAR - EUROMODUL    BOŽE PERIČIČA 5  ZADAR,ZADAR,BOŽE PERIČIČA 5,,44.107613,15.233121,OPĆA BOLNICA ZADAR - EUROMODUL,BANKOMAT,,ZADARSKA ŽUPANIJA
220,(BLOB),SUPERNOVA KARLOVAC    PRILAZ VEĆESLAVA HOLJEVCA 12  KARLOVAC ,KARLOVAC,PRILAZ VEĆESLAVA HOLJEVCA 12,,45.504635,15.544796,SUPERNOVA KARLOVAC,BANKOMAT,,KARLOVAČKA ŽUPANIJA
221,(BLOB),KNJIŽARA TRGOSTIL    TRG IVANA PAVLA II BR.23  MARIJA BISTRICA,MARIJA BISTRICA,TRG IVANA PAVLA II BR.23,,46.005226,16.11866,KNJIŽARA TRGOSTIL,BANKOMAT,,KRAPINSKO-ZAGORSKA ŽUPANIJA
223,(BLOB),TZ GRADA PAGA    TRG PETRA KREŠIMIRA IV  PAG,PAG,TRG PETRA KREŠIMIRA IV,,44.443848,15.054563,TZ GRADA PAGA,BANKOMAT,,ZADARSKA ŽUPANIJA
224,(BLOB),ZRAČNA LUKA    ZRAČNA LUKA ZADAR P.P.  ZADAR ,ZADAR,ZRAČNA LUKA ZADAR P.P.,,44.09647,15.353093,ZRAČNA LUKA,BANKOMAT,,ZADARSKA ŽUPANIJA
1,(BLOB),POSLOVNICA  JURIŠIĆEVA 4  ZAGREB CENTAR (UŽI),ZAGREB,JURIŠIĆEVA 4,CENTAR (UŽI),45.812386,15.979078,POSLOVNICA,BANKOMAT,,GRAD ZAGREB
2,(BLOB),POSLOVNICA  PETRINJSKA  ZAGREB CENTAR (UŽI) ,ZAGREB,PETRINJSKA,"CENTAR (UŽI)
",45.812359,15.979013,POSLOVNICA,BANKOMAT,,GRAD ZAGREB
3,(BLOB),POŠTANSKI URED  DANTEOV TRG 4 PULA,PULA,DANTEOV TRG 4,,44.867123,13.844512,POŠTANSKI URED,BANKOMAT,,ISTARSKA ŽUPANIJA
4,(BLOB),"POŠTANSKI URED   
BRANIMIROVA 4 SJEVERNI ULAZ  ZAGREB CENTAR (UŽI)",ZAGREB,BRANIMIROVA 4 SJEVERNI ULAZ,CENTAR (UŽI),45.805088,15.981342,POŠTANSKI URED,BANKOMAT,,GRAD ZAGREB
9,(BLOB),POSLOVNICA  KORZO 13 RIJEKA,RIJEKA,KORZO 13,,45.326542,14.442472,POSLOVNICA,BANKOMAT,,PRIMORSKO-GORANSKA ŽUPANIJA
5,(BLOB),POŠTANSKI URED  OBALA KNEZA DOMAGOJA 3 SPLIT,SPLIT,OBALA KNEZA DOMAGOJA 3,,43.506279,16.441685,POŠTANSKI URED,BANKOMAT,,SPLITSKO-DALMATINSKA ŽUPANIJA
6,(BLOB),POŠTANSKI URED  MATIJE GUPCA 19 ZABOK,ZABOK,MATIJE GUPCA 19,,46.029449,15.910606,POŠTANSKI URED,BANKOMAT,,KRAPINSKO-ZAGORSKA ŽUPANIJA
7,(BLOB),"POŠTANSKI URED  V.VARIĆAKA 13  ZAGREB, SLOBOŠTINA",ZAGREB,V.VARIĆAKA 13,,45.765434,15.987875,POŠTANSKI URED ,BANKOMAT,,GRAD ZAGREB
8,(BLOB),POŠTANSKI URED  KRALJA TOMISLAVA 9 SPLIT,SPLIT,KRALJA TOMISLAVA 9,,43.509983,16.438841,POŠTANSKI URED,BANKOMAT,,SPLITSKO-DALMATINSKA ŽUPANIJA
10,(BLOB),POSLOVNICA ZRINSKO - FRANKOPANSKA 8  ZADAR,ZADAR,ZRINSKO - FRANKOPANSKA 8,,44.109753,15.235441,POSLOVNICA,BANKOMAT,,ZADARSKA ŽUPANIJA
11,(BLOB),POSLOVNICA TRG SLOBODE 9A VARAŽDIN,VARAŽDIN,TRG SLOBODE 9A,,46.305882,16.336285,POSLOVNICA,BANKOMAT,,VARAŽDINSKA ŽUPANIJA
12,(BLOB),POŠTANSKI URED S. I A. RADIĆA 29 SISAK,SISAK,S. I A. RADIĆA 29,,45.488297,16.372417,POŠTANSKI URED,BANKOMAT,,SISAČKO-MOSLAVAČKA ŽUPANIJA
13,(BLOB),POŠTANSKI URED TRG POBJEDE 2 SLAVONSKI BROD,SLAVONSKI BROD,TRG POBJEDE 2,,45.157272,18.012342,POŠTANSKI URED,BANKOMAT,,BRODSKO-POSAVSKA ŽUPANIJA
14,(BLOB),POŠTANSKI URED TRG A. STARČEVIĆA BB OSIJEK,OSIJEK,TRG A. STARČEVIĆA BB,,45.561428,18.677006,POŠTANSKI URED,BANKOMAT,,OSJEČKO-BARANJSKA ŽUPANIJA
15,(BLOB),POŠTANSKI URED BRANITELJA DUBROVNIKA 2  DUBROVNIK,DUBROVNIK,BRANITELJA DUBROVNIKA 2,,42.642769,18.103708,POŠTANSKI URED,BANKOMAT,,DUBROVAČKO-NERETVANSKA ŽUPANIJA
16,(BLOB),"ZAGREPČANKA SAVSKA 41  ZAGREB, CENTAR (ŠIRI)",ZAGREB,SAVSKA 41,CENTAR (ŠIRI),45.798695,15.962362,ZAGREPČANKA,BANKOMAT,,GRAD ZAGREB
17,(BLOB),FINA  FRANJE TUĐMANA 8 VUKOVAR,VUKOVAR,FRANJE TUĐMANA 8,,45.352062,18.999632,FINA,BANKOMAT,,VUKOVARSKO-SRIJEMSKA ŽUPANIJA
18,(BLOB),FINA  H.D. GENSCHERA 2 VINKOVCI,VINKOVCI,H.D. GENSCHERA 2,,45.287586,18.80234,FINA,BANKOMAT,,VUKOVARSKO-SRIJEMSKA ŽUPANIJA
19,(BLOB),POŠTANSKI URED  I.G.KOVAČIĆA 1 KARLOVAC,KARLOVAC,I.G.KOVAČIĆA 1,,45.494873,15.553583,POŠTANSKI URED,BANKOMAT,,KARLOVAČKA ŽUPANIJA
20,(BLOB),POŠTANSKI URED  ISTARSKA 7 PULA,PULA,ISTARSKA 7,,44.870621,13.848438,POŠTANSKI URED,BANKOMAT,,ISTARSKA ŽUPANIJA
21,(BLOB),POŠTANSKI URED  PINO BUDIČIN 1 POREČ,POREČ,PINO BUDIČIN 1,,45.227242,13.59615,POŠTANSKI URED,BANKOMAT,,ISTARSKA ŽUPANIJA
22,(BLOB),POŠTANSKI URED  ZELENA LAGUNA  POREČ,POREČ,ZELENA LAGUNA,,45.198219,13.591182,POŠTANSKI URED,BANKOMAT,,ISTARSKA ŽUPANIJA
23,(BLOB),POŠTANSKI URED  1.SVIBNJA BR.1 UMAG,UMAG,1.SVIBNJA BR.1,,45.431763,13.522325,POŠTANSKI URED,BANKOMAT,,ISTARSKA ŽUPANIJA
24,(BLOB),POŠTANSKI URED  M. BENUSSI 4 ROVINJ,ROVINJ,M. BENUSSI 4,,45.080906,13.639612,POŠTANSKI URED,BANKOMAT,,ISTARSKA ŽUPANIJA
26,(BLOB),POŠTANSKI URED  IVANA SKOMERŽE 1 CRIKVENICA,CRIKVENICA,IVANA SKOMERŽE 1,,45.172523,14.691339,POŠTANSKI URED,BANKOMAT,,PRIMORSKO-GORANSKA ŽUPANIJA
27,(BLOB),FINA  I.K.SAKCINSKOG 1 SISAK,SISAK,I.K.SAKCINSKOG 1,,45.487621,16.371195,FINA,BANKOMAT,,SISAČKO-MOSLAVAČKA ŽUPANIJA
28,(BLOB),POŠTANSKI URED  ANTE STARČEVIĆA BB ŠIBENIK,ŠIBENIK,ANTE STARČEVIĆA BB,,43.732243,15.896616,POŠTANSKI URED,BANKOMAT,,ŠIBENSKO-KNINSKA ŽUPANIJA
29,(BLOB),POŠTANSKI URED OBALA I.JURIČEV COTE 4  VODICE,VODICE,OBALA I.JURIČEV COTE 4,,43.758354,15.776539,POŠTANSKI URED,BANKOMAT,,ŠIBENSKO-KNINSKA ŽUPANIJA
30,(BLOB),"POŠTANSKI URED  GRANIČNI PRIJELAZ  KAŠTEL, ISTRA",KAŠTEL,GRANIČNI PRIJELAZ  KAŠTEL,,45.453598,13.649558,POŠTANSKI URED,BANKOMAT,,ISTARSKA ŽUPANIJA
31,(BLOB),POŠTANSKI URED  OBALA 2 BR.1 VELA LUKA,VELA LUKA,OBALA 2 BR.1,,42.96418,16.716063,POŠTANSKI URED,BANKOMAT,,DUBROVAČKO-NERETVANSKA ŽUPANIJA
32,(BLOB),POSLOVNICA  TRG 4.SVIBNJA 1 MAKARSKA,MAKARSKA,TRG 4.SVIBNJA 1,,43.295261,17.017609,POSLOVNICA,BANKOMAT,,SPLITSKO-DALMATINSKA ŽUPANIJA
33,(BLOB),POŠTANSKI URED  DOMOVINSKOG RATA 53 SPLIT,SPLIT,DOMOVINSKOG RATA 53,,43.519211,16.447971,POŠTANSKI URED,BANKOMAT,,SPLITSKO-DALMATINSKA ŽUPANIJA
34,(BLOB),POŠTANSKI URED  VINKOVAČKA 8 SPLIT,SPLIT,VINKOVAČKA 8,,43.514488,16.45443,POŠTANSKI URED,BANKOMAT,,SPLITSKO-DALMATINSKA ŽUPANIJA
35,(BLOB),FINA  KRALJA BRANIMIRA 4 KNIN,KNIN,KRALJA BRANIMIRA 4,,44.039757,16.195692,FINA,BANKOMAT,,ŠIBENSKO-KNINSKA ŽUPANIJA
36,(BLOB),FINA  KANIŠKA 4 GOSPIĆ,GOSPIĆ,KANIŠKA 4,,44.54586,15.374851,FINA,BANKOMAT,,LIČKO-SENJSKA ŽUPANIJA
37,(BLOB),FINA  FRANA GALOVIĆA KRAPINA,KRAPINA,FRANA GALOVIĆA,,46.158909,15.874043,FINA,BANKOMAT,,KRAPINSKO-ZAGORSKA ŽUPANIJA
39,(BLOB),FINA  BRDO 3 VRBOVEC,VRBOVEC,BRDO 3,,45.884663,16.415956,FINA,BANKOMAT,,ZAGREBAČKA ŽUPANIJA
38,,FINA  OTOKARA KERŠOVANIJA 7 ČAKOVEC,ČAKOVEC,OTOKARA KERŠOVANIJA 7,,46.387943,16.438681,FINA,BANKOMAT,,MEĐIMURSKA ŽUPANIJA
40,(BLOB),POŠTANSKI URED  OBALA KRALJA ZVONIMIRA 5 SENJ,SENJ,OBALA KRALJA ZVONIMIRA 5,,44.991074,14.901162,POŠTANSKI URED,BANKOMAT,,LIČKO-SENJSKA ŽUPANIJA
41,(BLOB),PANTRGOPROMET  HRVATSKIH VELIKANA 10 ĐAKOVO,ĐAKOVO,HRVATSKIH VELIKANA 10,,45.308327,18.411585,PANTRGOPROMET,BANKOMAT,,OSJEČKO-BARANJSKA ŽUPANIJA
42,(BLOB),"POŠTANSKI URED  MEŠTROVIĆEV TRG BB  ZAGREB, ZAPRUĐE",ZAGREB,MEŠTROVIĆEV TRG BB,,45.778957,15.996115,POŠTANSKI URED,BANKOMAT,,GRAD ZAGREB
43,(BLOB),"POŠTANSKI URED    TRG IVANA KUKULJEVIĆA 5  ZAGREB, ŠPANSKO",ZAGREB,TRG IVANA KUKULJEVIĆA 5,,45.804817,15.895329,POŠTANSKI URED,BANKOMAT,,GRAD ZAGREB
44,(BLOB),POŠTANSKI URED  SLAVKA KOLARA 15 VELIKA GORICA,VELIKA GORICA,SLAVKA KOLARA 15,,45.713417,16.070412,POŠTANSKI URED,BANKOMAT,,ZAGREBAČKA ŽUPANIJA
45,(BLOB),"POŠTANSKI URED    OZALJSKA 150  ZAGREB, LJUBLJANICA",ZAGREB,OZALJSKA 150,,45.797382,15.937128,POŠTANSKI URED,BANKOMAT,,GRAD ZAGREB
46,(BLOB),"POŠTANSKI URED    SIGET 18C  ZAGREB, SIGET",ZAGREB,SIGET 18C,,45.770615,15.968199,POŠTANSKI URED,BANKOMAT,,GRAD ZAGREB
47,(BLOB),"POŠTANSKI URED  KENNEDYEV TRG 11  ZAGREB, PEŠĆENICA",ZAGREB,KENNEDYEV TRG 11,,45.814743,16.009119,POŠTANSKI URED,BANKOMAT,,GRAD ZAGREB
48,(BLOB),"POŠTANSKI URED    TRG S.KONZULA 5  ZAGREB, VOLOVČICA",ZAGREB,TRG S.KONZULA 5,,45.806576,16.020342,POŠTANSKI URED,BANKOMAT,,GRAD ZAGREB
49,,INICIJA D.O.O. ZAGREBAČKA B.B.  NOVI MAROF,NOVI MAROF,ZAGREBAČKA B.B.,,46.159828,16.335255,INICIJA D.O.O.,BANKOMAT,,VARAŽDINSKA ŽUPANIJA
50,(BLOB),POŠTANSKI URED  D. ŠVAJCARA 5 ZAPREŠIĆ,ZAPREŠIĆ,D. ŠVAJCARA 5,,45.858814,15.803275,POŠTANSKI URED,BANKOMAT,,ZAGREBAČKA ŽUPANIJA
51,(BLOB),POŠTANSKI URED  TOMASSINIJEVA 13 PULA,PULA,TOMASSINIJEVA 13,,44.857475,13.839372,POŠTANSKI URED,BANKOMAT,,ISTARSKA ŽUPANIJA
52,(BLOB),"ROBNA KUĆA \""IMA\""  ŠETALIŠTE S. RADIĆA 22  IMOTSKI",IMOTSKI,ŠETALIŠTE S. RADIĆA 22,,43.447514,17.214848,"ROBNA KUĆA \""IMA\"" ",BANKOMAT,,SPLITSKO-DALMATINSKA ŽUPANIJA
53,(BLOB),TEKSTIL D.O.O.  ZAGREBAČKA 2/A ZLATAR,ZLATAR,ZAGREBAČKA 2/A,,46.091389,16.077162,TEKSTIL D.O.O.,BANKOMAT,,KRAPINSKO-ZAGORSKA ŽUPANIJA
54,(BLOB),"KONZUM-AGROKOR    ULICA VILE VELEBITA BB  ZAGREB, DUBRAVA",ZAGREB,ULICA VILE VELEBITA BB,,45.839161,16.061991,KONZUM-AGROKOR,BANKOMAT,,GRAD ZAGREB
55,(BLOB),POSLOVNICA  BIHAĆKA 2 SPLIT,SPLIT,BIHAĆKA 2,,43.512535,16.44207,POSLOVNICA,BANKOMAT,,SPLITSKO-DALMATINSKA ŽUPANIJA
56,(BLOB),"KONZUM-AGROKOR   ZAGORSKA 27  ZAGREB, TREŠNJEVKA",ZAGREB,ZAGORSKA 27,,45.807026,15.941066,KONZUM-AGROKOR,BANKOMAT,,GRAD ZAGREB
57,(BLOB),"KONZUM-AGROKOR   BAŠTIJANOVA-DRVINJE  ZAGREB, VOLTINO",ZAGREB,BAŠTIJANOVA-DRVINJE,,45.8008,15.929618,KONZUM-AGROKOR,BANKOMAT,,GRAD ZAGREB
58,(BLOB),FINA  TRG SVETOG TROJSTVA 19 POŽEGA,POŽEGA,TRG SVETOG TROJSTVA 19,,45.330894,17.677132,FINA,BANKOMAT,,POŽEŠKO-SLAVONSKA ŽUPANIJA
59,(BLOB),POŠTANSKI URED  KAMENITA VRATA 8 POŽEGA,POŽEGA,KAMENITA VRATA 8,,45.334892,17.677946,POŠTANSKI URED,BANKOMAT,,POŽEŠKO-SLAVONSKA ŽUPANIJA
60,(BLOB),POŠTANSKI URED TRG KRALJA TOMISLAVA 19  KUTINA,KUTINA,TRG KRALJA TOMISLAVA 19,,45.482597,16.776274,POŠTANSKI URED,BANKOMAT,,SISAČKO-MOSLAVAČKA ŽUPANIJA
61,(BLOB),POŠTANSKI URED  B.I.MAŽURANIĆA 5 ŠIBENIK,ŠIBENIK,B.I.MAŽURANIĆA 5,,43.743446,15.89859,POŠTANSKI URED,BANKOMAT,,ŠIBENSKO-KNINSKA ŽUPANIJA
62,(BLOB),POŠTANSKI URED  TRG S. RADIĆA 9 PRIMOŠTEN,PRIMOŠTEN,TRG S. RADIĆA 9,,43.588192,15.925241,POŠTANSKI URED,BANKOMAT,,ŠIBENSKO-KNINSKA ŽUPANIJA
366,(BLOB),POŠTANSKI URED  ZVONIMIROVA 38 ZAGREB,ZAGREB,ZVONIMIROVA 38,,45.810474,15.995225,POŠTANSKI URED,BANKOMAT,,GRAD ZAGREB
64,(BLOB),"POŠTANSKI URED PRILAZ BARUNA FILIPOVIĆA 54  ZAGREB, ČRNOMEREC",ZAGREB,PRILAZ BARUNA FILIPOVIĆA 54,,45.811661,15.944778,POŠTANSKI URED,BANKOMAT,,GRAD ZAGREB
65,(BLOB),POŠTANSKI URED  LJUDEVITA POSAVSKOG BB OSIJEK,OSIJEK,LJUDEVITA POSAVSKOG BB,,45.564037,18.652843,POŠTANSKI URED,BANKOMAT,,OSJEČKO-BARANJSKA ŽUPANIJA
66,(BLOB),POŠTANSKI URED  PAPANDOPULOVA 1  SPLIT,SPLIT,PAPANDOPULOVA 1,,43.507423,16.471371,POŠTANSKI URED,BANKOMAT,,SPLITSKO-DALMATINSKA ŽUPANIJA
67,(BLOB),POŠTANSKI URED  TRG A. STEPINCA 1 BRELA,BRELA,TRG A. STEPINCA 1,,43.368057,16.931669,POŠTANSKI URED,BANKOMAT,,SPLITSKO-DALMATINSKA ŽUPANIJA
68,(BLOB),KONZUM  MATICE HRVATSKE 14A BJELOVAR,BJELOVAR,MATICE HRVATSKE 14A,,45.895714,16.842106,KONZUM,BANKOMAT,,BJELOVARSKO-BILOGORSKA ŽUPANIJA
69,(BLOB),"POŠTANSKI URED  ALBAHARIJEVA 7, ZAGREB, KNEŽIJA",ZAGREB,ALBAHARIJEVA 7,,45.791061,15.950818,POŠTANSKI URED,BANKOMAT,,GRAD ZAGREB
70,(BLOB),PRIVAT PROSTOR  FRANJE TUĐMANA 19 KAŠTEL STARI,KAŠTEL STARI,FRANJE TUĐMANA 19,,43.553432,16.353085,PRIVAT PROSTOR,BANKOMAT,,SPLITSKO-DALMATINSKA ŽUPANIJA
71,(BLOB),"NARODNE NOVINE  TRG KRALJA TOMISLAVA 6 ,VIROVITICA",VIROVITICA,TRG KRALJA TOMISLAVA 6,,45.834801,17.387098,NARODNE NOVINE,BANKOMAT,,VIROVITIČKO-PODRAVSKA ŽUPANIJA
72,(BLOB),POŠTANSKI URED  KOPARSKA 64 PULA,PULA,KOPARSKA 64,,44.876965,13.861141,POŠTANSKI URED,BANKOMAT,,ISTARSKA ŽUPANIJA
73,(BLOB),"KONZUM-AGROKOR  TURININA BB  ZAGREB, SOPOT",ZAGREB,TURININA BB,,45.772762,15.989699,KONZUM-AGROKOR,BANKOMAT,,GRAD ZAGREB
74,(BLOB),POŠTANSKI URED  KRALJA ZVONIMIRA 99 ČEPIN,ČEPIN,KRALJA ZVONIMIRA 99,,45.523354,18.564793,POŠTANSKI URED,BANKOMAT,,OSJEČKO-BARANJSKA ŽUPANIJA
75,(BLOB),TRGOVINA BEBER    SVETONEDJELJSKA 22  SAMOBOR,SAMOBOR,SVETONEDJELJSKA 22,,45.799294,15.721757,TRGOVINA BEBER,BANKOMAT,,ZAGREBAČKA ŽUPANIJA
76,(BLOB),POŠTANSKI URED - INDOOR  ALOJZIJA STEPINCA 17 OSIJEK,OSIJEK,ALOJZIJA STEPINCA 17,,45.560112,18.685974,POŠTANSKI URED - INDOOR,BANKOMAT,,OSJEČKO-BARANJSKA ŽUPANIJA
77,(BLOB),KONZUM-AGROKOR  OBALA SV. NIKOLE BAŠKA VODA,BAŠKA VODA,OBALA SV. NIKOLE,,43.355873,16.949297,KONZUM-AGROKOR,BANKOMAT,,SPLITSKO-DALMATINSKA ŽUPANIJA
78,(BLOB),POŠTANSKI URED  N. ZRINSKOG 86 SLAVONSKI BROD,SLAVONSKI BROD,N. ZRINSKOG 86,,45.158787,18.023918,POŠTANSKI URED,BANKOMAT,,BRODSKO-POSAVSKA ŽUPANIJA
79,(BLOB),POŠTANSKI URED  TRG HRV. PROLJEĆA BB SLAVONSKI BROD,SLAVONSKI BROD,TRG HRV. PROLJEĆA BB,,45.162903,18.009172,POŠTANSKI URED,BANKOMAT,,BRODSKO-POSAVSKA ŽUPANIJA
80,(BLOB),KONZUM -AGROKOR  BRAĆE RADIĆA 8A  VARAŽDIN,VARAŽDIN,BRAĆE RADIĆA 8A,,46.305408,16.32959,KONZUM -AGROKOR,BANKOMAT,,VARAŽDINSKA ŽUPANIJA
81,(BLOB),POŠTANSKI URED    MIROSLAVA KRLEŽE 1  VARAŽDIN,VARAŽDIN,MIROSLAVA KRLEŽE 1,,46.297966,16.338472,POŠTANSKI URED,BANKOMAT,,VARAŽDINSKA ŽUPANIJA
82,(BLOB),POŠTANSKI URED  TRG SV. TROJSTVA BB LUDBREG,LUDBREG,TRG SV. TROJSTVA BB,,46.250565,16.61931,POŠTANSKI URED,BANKOMAT,,VARAŽDINSKA ŽUPANIJA
83,(BLOB),POŠTANSKI URED    VLADIMIRA NAZORA 2  IVANEC,IVANEC,VLADIMIRA NAZORA 2,,46.225098,16.12484,POŠTANSKI URED,BANKOMAT,,VARAŽDINSKA ŽUPANIJA
84,(BLOB),POŠTANSKI URED    IVANA I STJEPANA VIDULIĆA 38  MALI LOŠINJ,MALI LOŠINJ,IVANA I STJEPANA VIDULIĆA 38,,44.533718,14.468093,POŠTANSKI URED,BANKOMAT,,PRIMORSKO-GORANSKA ŽUPANIJA
85,(BLOB),POŠTANSKI URED  OBALA M. TITA BB  RABAC,RABAC,OBALA M. TITA BB,,45.079445,14.158802,POŠTANSKI URED,BANKOMAT,,ISTARSKA ŽUPANIJA
86,(BLOB),NARODNE NOVINE    M. VLAŠIĆA 20  POREČ,POREČ,M. VLAŠIĆA 20,,45.23024,13.606106,NARODNE NOVINE,BANKOMAT,,ISTARSKA ŽUPANIJA
87,(BLOB),POŠTANSKI URED  GAJEVA 2 BJELOVAR,BJELOVAR,GAJEVA 2,,45.898865,16.840967,POŠTANSKI URED,BANKOMAT,,BJELOVARSKO-BILOGORSKA ŽUPANIJA
88,(BLOB),FINA  TRG KRALJA TOMISLAVA 3 DARUVAR,DARUVAR,TRG KRALJA TOMISLAVA 3,,45.593712,17.22328,FINA,BANKOMAT,,BJELOVARSKO-BILOGORSKA ŽUPANIJA
89,(BLOB),POŠTANSKI URED  STJEPANA RADIĆA 3 ĐURĐEVAC,ĐURĐEVAC,STJEPANA RADIĆA 3,,46.041088,17.068409,POŠTANSKI URED,BANKOMAT,,KOPRIVNIČKO-KRIŽEVAČKA ŽUPANIJA
90,(BLOB),POŠTANSKI URED    VUKOVARSKA 28  DUBROVNIK,DUBROVNIK,VUKOVARSKA 28,,42.651638,18.092937,POŠTANSKI URED,BANKOMAT,,DUBROVAČKO-NERETVANSKA ŽUPANIJA
386,(BLOB),POSLOVNICA ULJARSKA 4 RIJEKA,RIJEKA,ULJARSKA 4,,45.325352,14.443374,POSLOVNICA,BANKOMAT,,PRIMORSKO-GORANSKA ŽUPANIJA
344,(BLOB),POSLOVNICA VLADIMIRA NAZORA 1A BJELOVAR,BJELOVAR,VLADIMIRA NAZORA 1A,,45.899101,16.840904,POSLOVNICA,BANKOMAT,,BJELOVARSKO-BILOGORSKA ŽUPANIJA
345,(BLOB),POSLOVNICA IVANA GORANA KOVAČIĆA 4 KARLOVAC,KARLOVAC,IVANA GORANA KOVAČIĆA 4,,45.494873,15.553765,POSLOVNICA,BANKOMAT,,KARLOVAČKA ŽUPANIJA
346,(BLOB),TRGOVINA TRGOSTIL TRG SVETOG JURJA 10 GORNJA STUBICA,GORNJA STUBICA,TRG SVETOG JURJA 10,,45.974983,16.017853,TRGOVINA TRGOSTIL,BANKOMAT,,KRAPINSKO-ZAGORSKA ŽUPANIJA
347,(BLOB),TRGOVINA TRGOSTIL V. ŠIPEKA 25 STUBIČKE TOPLICE,STUBIČKE TOPLICE,V. ŠIPEKA 25,,45.977551,15.931420,TRGOVINA TRGOSTIL,BANKOMAT,,KRAPINSKO-ZAGORSKA ŽUPANIJA
348,(BLOB),POSLOVNICA FLORIJANSKI TRG 13 KOPRIVNICA,KOPRIVNICA,FLORIJANSKI TRG 13,,46.164124,16.828178,POSLOVNICA,BANKOMAT,,KOPRIVNIČKO-KRIŽEVAČKA ŽUPANIJA
352,(BLOB),KNJIGOVODSTVENI SERVIS KUŠANIĆ BANA JOSIPA JELAČIĆA 7ŽUPANJA,ŽUPANJA,BANA JOSIPA JELAČIĆA 7,,45.071697,18.694595,KNJIGOVODSTVENI SERVIS KUŠANIĆ,BANKOMAT,,VUKOVARSKO-SRIJEMSKA ŽUPANIJA
353,(BLOB),PRIVATNI PROSTOR TRG ŽRTAVA DOMOVINSKOG RATA 3 GUNJA,GUNJA,TRG ŽRTAVA DOMOVINSKOG RATA 3,,44.888180,18.827284,PRIVATNI PROSTOR,BANKOMAT,,VUKOVARSKO-SRIJEMSKA ŽUPANIJA
354,(BLOB),"POŠTANSKI URED HRVATSKOG PROLJEĆA 2 DVOR,",DVOR,HRVATSKOG PROLJEĆA 2,,45.067928,16.375988,POŠTANSKI URED,BANKOMAT,,SISAČKO-MOSLAVAČKA ŽUPANIJA
355,(BLOB),"POŠTANSKI URED DESNA 61 MARTINSKA VES,",MARTINSKA VES,DESNA 61,,45.584583,16.370415,POŠTANSKI URED,BANKOMAT,,SISAČKO-MOSLAVAČKA ŽUPANIJA
357,(BLOB),POSLOVNICA DUBROVAČKA 31 SPLIT,SPLIT,DUBROVAČKA 31,,43.510956,16.454247,POSLOVNICA,BANKOMAT,,SPLITSKO-DALMATINSKA ŽUPANIJA
358,(BLOB),POSLOVNICA ŠETALIŠTE STJEPANA RADIĆA 19 IMOTSKI,IMOTSKI,ŠETALIŠTE STJEPANA RADIĆA 19,,43.447380,17.215366,POSLOVNICA,BANKOMAT,,SPLITSKO-DALMATINSKA ŽUPANIJA
359,(BLOB),"POŠTANSKI URED JABLANSKA 24 ZAGREB, ZAPAD - RUDEŠ",ZAGREB,JABLANSKA 24,,45.798096,15.913889,POŠTANSKI URED,BANKOMAT,,GRAD ZAGREB
360,(BLOB),"TRŽNICA DOLAC DOLAC 2 ZAGREB, CENTAR - UŽI",ZAGREB,DOLAC 2,(CENTAR - UŽI),45.813847,15.976975,TRŽNICA DOLAC,BANKOMAT,,GRAD ZAGREB
361,(BLOB),"POŠTANSKI URED TRG NARODNE ZAŠTITE 1 ZAGREB, JUG - REMETINEC",ZAGREB,TRG NARODNE ZAŠTITE 1,,45.768017,15.947149,POŠTANSKI URED,BANKOMAT,,GRAD ZAGREB
362,(BLOB),SUVENIRNICA TIHA 2 DUBROVNIK,DUBROVNIK,TIHA 2,,42.642159,18.105534,SUVENIRNICA,BANKOMAT,,DUBROVAČKO-NERETVANSKA ŽUPANIJA
363,(BLOB),HIPERMARKET TOMMY ŽNJANSKA 4 SPLIT,SPLIT,ŽNJANSKA 4,,43.506577,16.483065,HIPERMARKET TOMMY,BANKOMAT,,SPLITSKO-DALMATINSKA ŽUPANIJA
364,(BLOB),DISKONT FENIKS VELEBITSKA 123 SPLIT,SPLIT,VELEBITSKA 123,,43.513733,16.471466,DISKONT FENIKS,BANKOMAT,,SPLITSKO-DALMATINSKA ŽUPANIJA
365,(BLOB),HIPERMARKET TOMMY MATOŠEVA 29 SOLIN,SOLIN,MATOŠEVA 29,,43.530678,16.487818,HIPERMARKET TOMMY,BANKOMAT,,SPLITSKO-DALMATINSKA ŽUPANIJA
367,(BLOB),HOTEL TRAKOŠĆAN TRAKOŠĆAN 5 TRAKOŠĆANA?Â ,TRAKOŠĆAN,TRAKOŠĆAN 5,,46.259533,15.950072,HOTEL TRAKOŠĆAN,BANKOMAT,,VARAŽDINSKA ŽUPANIJA
369,(BLOB),ISPOSTAVA KNIN ZVONIMIROVA 9 KNIN,KNIN,ZVONIMIROVA 9,,44.034531,16.197195,ISPOSTAVA KNIN,BANKOMAT,,ŠIBENSKO-KNINSKA ŽUPANIJA
370,(BLOB),POŠTANSKI URED VINKOVAČKA 6 ROKOVCI - ANDRIJAŠEVCI,ROKOVCI,VINKOVAČKA 6,,45.228500,18.741943,POŠTANSKI URED,BANKOMAT,,VUKOVARSKO-SRIJEMSKA ŽUPANIJA
372,(BLOB),CITY CENTAR ONE EAST SLAVONSKA AVENIJA 11d ZAGREB - ŽITNJAK,ZAGREB,SLAVONSKA AVENIJA 11d,,45.800610,16.049438,CITY CENTAR ONE EAST,BANKOMAT,,GRAD ZAGREB
375,(BLOB),POSLOVNICA BANA JOSIPA JELAČIĆA 8 ĐAKOVO,ĐAKOVO,BANA JOSIPA JELAČIĆA 8,,45.310814,18.410522,POSLOVNICA,BANKOMAT,,OSJEČKO-BARANJSKA ŽUPANIJA
376,(BLOB),POŠTANSKI URED ALOJZIJA STEPINCA 24 OKUČANI,OKUČANI,ALOJZIJA STEPINCA 24,,45.259464,17.200928,POŠTANSKI URED,BANKOMAT,,BRODSKO-POSAVSKA ŽUPANIJA
379,(BLOB),POŠTANSKI URED TINJAN 2 ISTRA - TINJAN,TINJAN,TINJAN 2,,45.217178,13.836417,POŠTANSKI URED,BANKOMAT,,ISTARSKA ŽUPANIJA
380,(BLOB),TRGOVINA TOMMY S. RADIĆA 139 ŠIBENIK - VIDICI,ŠIBENIK,TOMMY S. RADIĆA 139,,43.723228,15.908546,TRGOVINA,BANKOMAT,,ŠIBENSKO-KNINSKA ŽUPANIJA
381,(BLOB),POŠTANSKI URED TINA UJEVIĆA 10 VRGORAC,VRGORAC,TINA UJEVIĆA 10,,43.204224,17.372131,POŠTANSKI URED,BANKOMAT,,SPLITSKO-DALMATINSKA ŽUPANIJA
382,(BLOB),POŠTANSKI URED HRVATSKIH BRANITELJA 2 SUKOŠAN,SUKOŠAN,HRVATSKIH BRANITELJA 2,,44.046383,15.313981,POŠTANSKI URED,BANKOMAT,,ZADARSKA ŽUPANIJA
383,(BLOB),POŠTANSKI URED ŠIMUNA KOZIČIĆA BENJE 1 ZADAR,ZADAR,ŠIMUNA KOZIČIĆA BENJE 1,,44.115345,15.224884,POŠTANSKI URED,BANKOMAT,,ZADARSKA ŽUPANIJA
384,(BLOB),POŠTANSKI URED BODULSKA bb KRK,KRK,BODULSKA bb,,45.026123,14.572699,POŠTANSKI URED,BANKOMAT,,PRIMORSKO-GORANSKA ŽUPANIJA
385,(BLOB),POŠTANSKI URED TRG FUNTANA 3 BUZET,BUZET,TRG FUNTANA 3,,45.407463,13.964197,POŠTANSKI URED,BANKOMAT,,ISTARSKA ŽUPANIJA
225,(BLOB),MESNICA GRAGČIĆ    TRG KRALJA TOMISLAVA 18  PITOMAČA ,PITOMAČA,TRG KRALJA TOMISLAVA 18,,45.951748,17.23315,MESNICA GRAGČIĆ,BANKOMAT,,VIROVITIČKO-PODRAVSKA ŽUPANIJA
226,(BLOB),"HPB SEKTOR PODRŠKE POSLOVANJU    VLAŠKA ULICA 121  ZAGREB, CENTAR (UŽI) ",ZAGREB,VLAŠKA ULICA 121,CENTAR (UŽI),45.814449,15.994989,HPB SEKTOR PODRŠKE POSLOVANJU,BANKOMAT,,GRAD ZAGREB
227,(BLOB),POŠTANSKI URED    MANDRAČ 28  NOVIGRAD,NOVIGRAD,MANDRAČ 28,,45.316216,13.560922,POŠTANSKI URED,BANKOMAT,,ISTARSKA ŽUPANIJA
228,(BLOB),HPB ISPOSTAVA    VUKOVARSKA 4  DONJI MIHOLJAC ,DONJI MIHOLJAC,VUKOVARSKA 4,,45.762009,18.165873,HPB ISPOSTAVA,BANKOMAT,,OSJEČKO-BARANJSKA ŽUPANIJA
229,(BLOB),"POŠTANSKI URED    M. RADEV 2  ZAGREB, PREČKO ",ZAGREB,M. RADEV 2,,45.794289,15.90197,POŠTANSKI URED,BANKOMAT,,GRAD ZAGREB
230,(BLOB),POŠTANSKI URED    TRG ZRINSKIH I FRANKOPANA BB PLETERNICA ,PLETERNICA,TRG ZRINSKIH I FRANKOPANA BB,,45.286438,17.802143,POŠTANSKI URED,BANKOMAT,,POŽEŠKO-SLAVONSKA ŽUPANIJA
231,(BLOB),POŠTANSKI URED    LOVRETSKA 22  SPLIT ,SPLIT,LOVRETSKA 22,,43.515919,16.439186,POŠTANSKI URED,BANKOMAT,,SPLITSKO-DALMATINSKA ŽUPANIJA
232,(BLOB),POŠTANSKI URED    BRUNE BUŠIĆA 7  IMOTSKI,IMOTSKI,BRUNE BUŠIĆA 7,,43.445587,17.21644,POŠTANSKI URED,BANKOMAT,,SPLITSKO-DALMATINSKA ŽUPANIJA
374,(BLOB),ZG HOLDING ULICA GRADA VUKOVARA ZAGREB - CENTAR ŠIRI,ZAGREB,ULICA GRADA VUKOVARA,CENTAR(ŠIRI),45.800236,15.973907,ZG HOLDING,BANKOMAT,,GRAD ZAGREB
234,(BLOB),GRADSKA TRŽNICA ROVINJ    TRG PIAZZA VALDIBORA BB  ROVINJ,ROVINJ,TRG PIAZZA VALDIBORA BB,,45.08337,13.633744,GRADSKA TRŽNICA ROVINJ,BANKOMAT,,ISTARSKA ŽUPANIJA
235,(BLOB),HPB ISPOSTAVA    LIŽNJAN 146  LIŽNJAN,LIŽNJAN,LIŽNJAN 146,,44.828156,13.956907,HPB ISPOSTAVA,BANKOMAT,,ISTARSKA ŽUPANIJA
237,(BLOB),CITY GALLERIA ZADAR    MURVIČKA 1  ZADAR,ZADAR,MURVIČKA 1,,44.11042,15.23779,CITY GALLERIA ZADAR,BANKOMAT,,ZADARSKA ŽUPANIJA
238,(BLOB),CAFE BAR CENTAR    CENTAR 219  MEDULIN,MEDULIN,CENTAR 219,,44.823166,13.937638,CAFE BAR CENTAR,BANKOMAT,,ISTARSKA ŽUPANIJA
239,(BLOB),STANICA ZA TEHNIČKI PREGLED ADA    KUDELJARSKA BB  VUKOVAR- BOROVO NASELJE,VUKOVAR,KUDELJARSKA BB,,45.370056,18.960129,STANICA ZA TEHNIČKI PREGLED ADA,BANKOMAT,,PRIMORSKO-GORANSKA ŽUPANIJA
240,(BLOB),KLADIONICA SUPERSPORT    TRG KRALJA TOMISLAVA 18  VALPOVO,VALPOVO,TRG KRALJA TOMISLAVA 18,, 45.657864,18.418472,KLADIONICA SUPERSPORT,BANKOMAT,,OSJEČKO-BARANJSKA ŽUPANIJA
241,,UDRUGA INVALIDA GRADA ZADRA FEDERIKA GRISOGONA 1  ZADAR ,ZADAR,FEDERIKA GRISOGONA 1,,44.114422,15.228167,UDRUGA INVALIDA GRADA ZADRA,BANKOMAT,,ZADARSKA ŽUPANIJA
242,(BLOB),"POSLOVNICA    SAVSKA ULICA 58  ZAGREB, CENTAR (ŠIRI)",ZAGREB,SAVSKA ULICA 58,CENTAR (ŠIRI),45.79892,15.961676,POSLOVNICA,BANKOMAT,,GRAD ZAGREB
243,(BLOB),"POSLOVNICA    SAVSKA ULICA 58  ZAGREB, CENTAR (ŠIRI)",ZAGREB,SAVSKA ULICA 58,CENTAR (ŠIRI),45.798969,15.961558,POSLOVNICA,BANKOMAT,,GRAD ZAGREB
244,(BLOB),HPB ISPOSTAVA    GUTMANOVA 24  BELIŠĆE,BELIŠĆE,GUTMANOVA 24,,45.686188,18.409546,HPB ISPOSTAVA,BANKOMAT,,OSJEČKO-BARANJSKA ŽUPANIJA
245,(BLOB),POŠTANSKI URED    DOMOVINSKOG RATA 16  DRNIŠ ,DRNIŠ,DOMOVINSKOG RATA 16,,43.860191,16.154741,POŠTANSKI URED,BANKOMAT,,ŠIBENSKO-KNINSKA ŽUPANIJA
246,(BLOB),POŠTANSKI URED    TRG FRANJE TUĐMANA 10  SLUNJ,SLUNJ,TRG FRANJE TUĐMANA 10,,45.114502,15.584278,POŠTANSKI URED,BANKOMAT,,KARLOVAČKA ŽUPANIJA
247,(BLOB),POŠTANSKI URED    KRALJA ZVONIMIRA 23  OTOČAC,OTOČAC,KRALJA ZVONIMIRA 23,,44.86935,15.235655,POŠTANSKI URED,BANKOMAT,,LIČKO-SENJSKA ŽUPANIJA
248,(BLOB),POŠTANSKI URED    ZRINJSKI TRG 2  OGULIN ,OGULIN,ZRINJSKI TRG 2,,45.264874,15.226536,POŠTANSKI URED,BANKOMAT,,KARLOVAČKA ŽUPANIJA
249,(BLOB),KAUFLAND VARAŽDIN    KOPRIVNIČKA 17  VARAŽDIN ,VARAŽDIN,KOPRIVNIČKA 17,,46.315289,16.337206,KAUFLAND VARAŽDIN,BANKOMAT,,VARAŽDINSKA ŽUPANIJA
250,,SUPERNOVA ZADAR    ULICA AKCIJE MASLENICA 1 ZADAR,ZADAR,ULICA AKCIJE MASLENICA 1.,,44.116768,15.269923,SUPERNOVA ZADAR,BANKOMAT,,ZADARSKA ŽUPANIJA
251,(BLOB),CITY CENTER ONE SPLIT    VUKOVARSKA 207  SPLIT ,SPLIT,VUKOVARSKA 207,,43.514339,16.501139,CITY CENTER ONE SPLIT,BANKOMAT,,SPLITSKO-DALMATINSKA ŽUPANIJA
252,(BLOB),POSLOVNICA    RUĐERA BOŠKOVIĆA 18  SPLIT,SPLIT,RUĐERA BOŠKOVIĆA 18,,43.507404,16.466928,POSLOVNICA,BANKOMAT,,SPLITSKO-DALMATINSKA ŽUPANIJA
253,(BLOB),KAUFLAND ZADAR    ANDRIJE HEBRANGA 2  ZADAR ,ZADAR,ANDRIJE HEBRANGA 2,,44.117954,15.240945,KAUFLAND ZADAR,BANKOMAT,,ZADARSKA ŽUPANIJA
254,(BLOB),TRGOVINA VARTEKS    ŠIROKA ULICA BB  ZADAR ,ZADAR,ŠIROKA ULICA BB,,44.114025,15.226091,TRGOVINA VARTEKS,BANKOMAT,,ZADARSKA ŽUPANIJA
255,(BLOB),OPĆINA VELIKI BUKOVEC    DRAVSKA 7  VELIKI BUKOVEC,VELIKI BUKOVEC,DRAVSKA 7,,46.28717,16.708349,OPĆINA VELIKI BUKOVEC,BANKOMAT,,VARAŽDINSKA ŽUPANIJA
256,(BLOB),"ARENA ZAGREB    JARUŠČICA BB  ZAGREB, LANIŠTE ",ZAGREB,JARUŠČICA BB,,45.771564,15.94069,ARENA ZAGREB,BANKOMAT,,GRAD ZAGREB
257,(BLOB),POSLOVNICA    TRG DRAGUTINA DOMJANIĆA 8  SESVETE,SESVETE,TRG DRAGUTINA DOMJANIĆA 8,,45.827091,16.109602,POSLOVNICA,BANKOMAT,,ZAGREBAČKA ŽUPANIJA
258,(BLOB),"PUTNIČKA AGENCIJA CROATIA EXPRESS    TRG KRALJA TOMISLAVA 17  ZAGREB, CENTAR (UŽI) ",ZAGREB,TRG KRALJA TOMISLAVA 17,CENTAR (UŽI),45.806263,15.977876,PUTNIČKA AGENCIJA CROATIA EXPRESS,BANKOMAT,,GRAD ZAGREB
259,(BLOB),MESNICA TRGONOM    TRG MARŠALA TITA 1  VARAŽDINSKE TOPLICE ,VARAŽDINSKE TOPLICE,TRG MARŠALA TITA 1,,46.208454,16.421944,MESNICA TRGONOM,BANKOMAT,,VARAŽDINSKA ŽUPANIJA
260,(BLOB),"POŠTANSKI URED    PUŠKARIĆEVA 15  ZAGREB, LUČKO",ZAGREB,PUŠKARIĆEVA 15,,45.761047,15.883495,POŠTANSKI URED,BANKOMAT,,GRAD ZAGREB
314,(BLOB),MARINA IBRACOM APART HOTEL DEL MAR GLAVICA7 PULA - BANJOLE,PULA,GLAVICA7,,44.82152,13.86579,MARINA IBRACOM APART HOTEL DEL MAR,BANKOMAT,,ISTARSKA ŽUPANIJA
378,(BLOB),PRIVATNI PROSTOR KREŠIĆEVA 32 ZAGREB,ZAGREB,KREŠIĆEVA 32,,45.814449,16.019375,PRIVATNI PROSTOR,BANKOMAT,,GRAD ZAGREB
316,(BLOB),TRGOVINA TERRA MARIQUE PETRA KREŠIMIRA IV br. 7  DUBROVNIK,DUBROVNIK,PETRA KREŠIMIRA IV br. 7,,42.643257,18.112057,TRGOVINA TERRA MARIQUE,BANKOMAT,,DUBROVAČKO-NERETVANSKA ŽUPANIJA
317,(BLOB),TRGOVINA KERAMIKA - SUPERCOLOR TRG NA MOSTU 2  PULA,PULA,SUPERCOLOR TRG NA MOSTU 2,,44.876568,13.850927,TRGOVINA KERAMIKA,BANKOMAT,,ISTARSKA ŽUPANIJA
318,(BLOB),TC AVENUE MALL OSIJEK SV. LEOPOLDA MANDIĆA 50A  OSIJEK,OSIJEK,SV. LEOPOLDA MANDIĆA 50A,,45.547386,18.65633,TC AVENUE MALL OSIJEK,BANKOMAT,,OSJEČKO-BARANJSKA ŽUPANIJA
319,(BLOB),TC PORTANOVA OSIJEK SVILAJSKA 31A  OSIJEK,OSIJEK,SVILAJSKA 31A,,45.554089,18.636589,TC PORTANOVA OSIJEK,BANKOMAT,,OSJEČKO-BARANJSKA ŽUPANIJA
320,(BLOB),PLODINE KUKULJANOVO BB  KUKULJANOVO,KUKULJANOVO,KUKULJANOVO BB,,45.326385,14.515471,PLODINE,BANKOMAT,,PRIMORSKO-GORANSKA ŽUPANIJA
321,(BLOB),KAUFLAND RIJEKA ZAMETSKA 44  RIJEKA,RIJEKA,ZAMETSKA 44,,45.340488,14.398012,KAUFLAND RIJEKA,BANKOMAT,,PRIMORSKO-GORANSKA ŽUPANIJA
322,(BLOB),"TC CVJETNI TRG TRG P. PRERADOVIĆA 4-6  ZAGREB, CENTAR (UŽI)",ZAGREB,TRG P. PRERADOVIĆA 4-6,CENTAR (UŽI),45.812321,15.972748,TC CVJETNI TRG,BANKOMAT,,GRAD ZAGREB
323,(BLOB),CAFE BAR SVIK SV. IVANA KRSTITELJA 90  DARDA,DARDA,SV. IVANA KRSTITELJA 90,,45.62624,18.686523,CAFE BAR SVIK,BANKOMAT,,OSJEČKO-BARANJSKA ŽUPANIJA
324,(BLOB),TRGOVINA ZEPTER SV. ROKA 19  POŽEGA,POŽEGA,SV. ROKA 19,,45.331722,17.6705,TRGOVINA ZEPTER,BANKOMAT,,POŽEŠKO-SLAVONSKA ŽUPANIJA
325,(BLOB),POŠTANSKI URED LUJZIJANSKA CESTA 57  DELNICE,DELNICE,LUJZIJANSKA CESTA 57,,45.392605,14.797275,POŠTANSKI URED,BANKOMAT,,PRIMORSKO-GORANSKA ŽUPANIJA
326,(BLOB),TC DALMARE VELIMIRA ŠKORPIKA 23  ŠIBENIK,ŠIBENIK,VELIMIRA ŠKORPIKA 23,,43.713516,15.916325,TC DALMARE,BANKOMAT,,ŠIBENSKO-KNINSKA ŽUPANIJA
327,(BLOB),TRGOVINA KITRO HRVATSKIH BRANITELJA 13  VARAŽDIN,VARAŽDIN,HRVATSKIH BRANITELJA 13,,46.298058,16.327572,TRGOVINA KITRO,BANKOMAT,,VARAŽDINSKA ŽUPANIJA
328,(BLOB),POŠTANSKI URED GLAVNA 3  BOROVO,BOROVO,GLAVNA 3,,45.402504,18.978914,POŠTANSKI URED,BANKOMAT,,VUKOVARSKO-SRIJEMSKA ŽUPANIJA
329,(BLOB),KAUFLAND BISTRIČKA 6  SESVETE,SESVETE,BISTRIČKA 6,,45.828022,16.106354,KAUFLAND,BANKOMAT,,ZAGREBAČKA ŽUPANIJA
330,(BLOB),"POKLON GALERIJA ILICA 167A  ZAGREB, CENTAR (ŠIRI)",ZAGREB,ILICA 167A,CENTAR (ŠIRI),45.812355,15.948061,POKLON GALERIJA,BANKOMAT,,GRAD ZAGREB
331,(BLOB),"EUROHERC 1. POLJANICE 4  ZAGREB, DUBRAVA",ZAGREB,1.POLJANICE 4,,45.829308,16.069221,EUROHERC,BANKOMAT,,GRAD ZAGREB
332,(BLOB),"PRIVATNI POSLOVNI PROSTOR KSAVERSKA CESTA 43 ZAGREB, MEDVEŠČAK",ZAGREB,KSAVERSKA CESTA 43,,45.832001,15.977726,PRIVATNI POSLOVNI PROSTOR,BANKOMAT,,GRAD ZAGREB
333,(BLOB),POŠTANSKI URED TRG BANA JELAČIĆA 23GLINA,GLINA,TRG BANA JELAČIĆA 23,,45.340744,16.088963,POŠTANSKI URED,BANKOMAT,,SISAČKO-MOSLAVAČKA ŽUPANIJA
334,(BLOB),TRGOVINA KITRO FRANA SUPILA bb  VARAŽDIN,VARAŽDIN,FRANA SUPILA bb,,46.305202,16.345833,TRGOVINA KITRO,BANKOMAT,,VARAŽDINSKA ŽUPANIJA
335,(BLOB),TRGOVINA KITRO OPTUJSKA 26  VARAŽDIN,VARAŽDIN,OPTUJSKA 26,,46.313591,16.329590,TRGOVINA KITRO,BANKOMAT,,VARAŽDINSKA ŽUPANIJA
336,(BLOB),POŠTANSKI URED ŠETALIŠTE MARŠALA TITA 29  LOVRAN,LOVRAN,ŠETALIŠTE MARŠALA TITA 29,,45.291653,14.277173,POŠTANSKI URED,BANKOMAT,,PRIMORSKO-GORANSKA ŽUPANIJA
337,(BLOB),POŠTANSKI URED GAJEVA 5  SAMOBOR,SAMOBOR,GAJEVA 5,,45.802830,15.710074,POŠTANSKI URED,BANKOMAT,,ZAGREBAČKA ŽUPANIJA
338,(BLOB),POŠTANSKI URED ZVONIMIROVA 45  SPLIT,SPLIT,ZVONIMIROVA 45,,43.505959,16.447327,POŠTANSKI URED,BANKOMAT,,SPLITSKO-DALMATINSKA ŽUPANIJA
339,(BLOB),POŠTANSKI URED FOŠAL 1  OMIŠ,OMIŠ,FOŠAL 1,,43.443851,16.692438,POŠTANSKI URED,BANKOMAT,,SPLITSKO-DALMATINSKA ŽUPANIJA
340,(BLOB),POŠTANSKI URED BRANITELJA OD TURAKA 2  KAŠTEL SUČURAC,KAŠTEL SUČURAC,BRANITELJA OD TURAKA 2,,43.546104,16.426342,POŠTANSKI URED,BANKOMAT,,SPLITSKO-DALMATINSKA ŽUPANIJA
341,(BLOB),POŠTANSKI URED OBALA J. TROGIRANINA 5  TROGIR,TROGIR,OBALA J. TROGIRANINA 5,,43.517506,16.251097,POŠTANSKI URED,BANKOMAT,,SPLITSKO-DALMATINSKA ŽUPANIJA
342,(BLOB),TRGOVINA TEHNO SHOP LJUDEVITA GAJA 15  VINKOVCI,VINKOVCI,LJUDEVITA GAJA 15,,45.294353,18.805532,TRGOVINA TEHNO SHOP,BANKOMAT,,VUKOVARSKO-SRIJEMSKA ŽUPANIJA
343,(BLOB),POŠTANSKI URED TRG KRALJA TOMISLAVA 2  VINKOVCI,VINKOVCI,TRG KRALJA TOMISLAVA 2,,45.299740,18.802214,POŠTANSKI URED,BANKOMAT,,VUKOVARSKO-SRIJEMSKA ŽUPANIJA
